symbol,T,horizon,feature,bucket,n,mean_atr,t,hit,n_oos,mean_atr_oos,t_oos,hit_oos,c1_n,c2_is_t,c3_oos_t,c4_robust,c5_size,survives
NAS100,09:45,15,F1,above_VAH,232,-0.0,-0.013,0.539,137,0.011,0.724,0.54,true,false,false,true,false,false
NAS100,09:45,30,F1,above_VAH,232,-0.005,-0.29,0.509,137,-0.031,-1.429,0.46,true,false,false,false,false,false
NAS100,09:45,60,F1,above_VAH,232,0.001,0.026,0.53,137,-0.022,-0.793,0.526,true,false,false,false,false,false
NAS100,10:05,15,F1,above_VAH,232,0.003,0.282,0.513,137,-0.02,-1.462,0.438,true,false,false,false,false,false
NAS100,10:05,30,F1,above_VAH,232,0.007,0.51,0.5,137,0.0,0.014,0.569,true,false,false,false,false,false
NAS100,10:05,60,F1,above_VAH,232,-0.016,-0.811,0.522,137,-0.011,-0.366,0.562,true,false,false,false,false,false
NAS100,09:45,15,F1,below_VAL,185,0.003,0.225,0.486,89,0.035,1.303,0.607,true,false,false,true,false,false
NAS100,09:45,30,F1,below_VAL,185,0.006,0.218,0.535,89,0.055,1.556,0.596,true,false,true,true,false,false
NAS100,09:45,60,F1,below_VAL,185,0.022,0.792,0.551,89,0.066,1.481,0.584,true,false,false,true,false,false
NAS100,10:05,15,F1,below_VAL,185,0.006,0.361,0.508,89,0.026,1.314,0.494,true,false,false,true,false,false
NAS100,10:05,30,F1,below_VAL,185,0.011,0.543,0.546,89,0.031,1.156,0.517,true,false,false,true,false,false
NAS100,10:05,60,F1,below_VAL,185,0.026,1.033,0.573,89,0.016,0.495,0.506,true,false,false,true,false,false
NAS100,09:45,15,F1,inside,198,0.012,0.952,0.52,81,-0.009,-0.386,0.494,true,false,false,false,false,false
NAS100,09:45,30,F1,inside,198,0.025,1.436,0.551,81,-0.001,-0.035,0.543,true,false,false,false,false,false
NAS100,09:45,60,F1,inside,198,0.014,0.571,0.54,81,-0.008,-0.192,0.519,true,false,false,false,false,false
NAS100,10:05,15,F1,inside,198,0.017,1.589,0.631,81,0.015,0.782,0.568,true,false,false,false,false,false
NAS100,10:05,30,F1,inside,198,0.008,0.52,0.545,81,-0.004,-0.153,0.556,true,false,false,false,false,false
NAS100,10:05,60,F1,inside,198,0.012,0.59,0.581,81,-0.012,-0.319,0.494,true,false,false,false,false,false
NAS100,09:45,15,F2,-0.25..0.25,113,0.026,1.489,0.531,47,-0.03,-0.888,0.489,true,false,false,false,false,false
NAS100,09:45,30,F2,-0.25..0.25,113,0.026,1.103,0.54,47,-0.001,-0.028,0.596,true,false,false,false,false,false
NAS100,09:45,60,F2,-0.25..0.25,113,-0.004,-0.133,0.531,47,-0.017,-0.33,0.553,true,false,false,false,false,false
NAS100,10:05,15,F2,-0.25..0.25,113,0.01,0.629,0.602,47,0.016,0.687,0.511,true,false,false,false,false,false
NAS100,10:05,30,F2,-0.25..0.25,113,-0.008,-0.374,0.522,47,0.005,0.141,0.553,true,false,false,false,false,false
NAS100,10:05,60,F2,-0.25..0.25,113,-0.001,-0.027,0.522,47,0.044,1.064,0.617,true,false,false,false,false,false
NAS100,09:45,15,F2,-1..-0.25,119,-0.017,-1.108,0.538,46,0.049,1.605,0.63,true,false,false,false,false,false
NAS100,09:45,30,F2,-1..-0.25,119,-0.013,-0.51,0.529,46,0.041,0.815,0.609,true,false,false,false,false,false
NAS100,09:45,60,F2,-1..-0.25,119,0.026,0.888,0.529,46,-0.004,-0.059,0.543,true,false,false,false,false,false
NAS100,10:05,15,F2,-1..-0.25,119,0.019,1.417,0.605,46,0.002,0.051,0.5,true,false,false,false,false,false
NAS100,10:05,30,F2,-1..-0.25,119,0.039,2.05,0.613,46,-0.064,-1.539,0.391,true,true,false,false,false,false
NAS100,10:05,60,F2,-1..-0.25,119,0.044,1.716,0.613,46,-0.087,-1.724,0.435,true,false,false,false,false,false
NAS100,09:45,15,F2,0.25..1,110,0.006,0.362,0.491,72,-0.028,-1.163,0.444,true,false,false,false,false,false
NAS100,09:45,30,F2,0.25..1,110,0.043,1.703,0.582,72,-0.06,-1.79,0.403,true,false,false,false,false,false
NAS100,09:45,60,F2,0.25..1,110,0.038,1.088,0.555,72,-0.044,-0.97,0.5,true,false,false,false,false,false
NAS100,10:05,15,F2,0.25..1,110,0.021,1.465,0.609,72,-0.015,-0.664,0.5,true,false,false,false,false,false
NAS100,10:05,30,F2,0.25..1,110,0.012,0.559,0.509,72,0.008,0.28,0.583,true,false,false,false,false,false
NAS100,10:05,60,F2,0.25..1,110,0.007,0.216,0.564,72,-0.026,-0.569,0.472,true,false,false,false,false,false
NAS100,09:45,15,F2,<-1,121,0.018,0.937,0.479,60,0.039,1.149,0.617,true,false,false,true,false,false
NAS100,09:45,30,F2,<-1,121,0.029,0.811,0.545,60,0.056,1.401,0.583,true,false,false,true,false,false
NAS100,09:45,60,F2,<-1,121,0.037,0.973,0.587,60,0.078,1.535,0.567,true,false,false,true,false,false
NAS100,10:05,15,F2,<-1,121,0.004,0.19,0.488,60,0.031,1.504,0.483,true,false,true,true,false,false
NAS100,10:05,30,F2,<-1,121,0.002,0.078,0.529,60,0.055,1.88,0.55,true,false,true,true,false,false
NAS100,10:05,60,F2,<-1,121,0.02,0.582,0.587,60,0.022,0.592,0.5,true,false,false,true,false,false
NAS100,09:45,15,F2,>1,152,-0.006,-0.468,0.539,82,0.033,1.828,0.573,true,false,false,false,false,false
NAS100,09:45,30,F2,>1,152,-0.033,-1.576,0.474,82,-0.003,-0.105,0.488,true,false,false,false,false,false
NAS100,09:45,60,F2,>1,152,-0.028,-1.088,0.507,82,0.02,0.613,0.549,true,false,false,false,false,false
NAS100,10:05,15,F2,>1,152,-0.007,-0.551,0.474,82,-0.01,-0.573,0.463,true,false,false,false,false,false
NAS100,10:05,30,F2,>1,152,0.0,0.025,0.48,82,0.016,0.651,0.61,true,false,false,false,false,false
NAS100,10:05,60,F2,>1,152,-0.032,-1.407,0.507,82,0.017,0.459,0.598,true,false,false,false,false,false
NAS100,09:45,15,F3,hi_dn,105,-0.02,-0.751,0.4,59,0.023,0.733,0.576,true,false,false,false,false,false
NAS100,09:45,30,F3,hi_dn,105,-0.022,-0.515,0.438,59,0.075,1.799,0.61,true,false,false,false,false,false
NAS100,09:45,60,F3,hi_dn,105,-0.013,-0.313,0.495,59,0.059,1.109,0.576,true,false,false,false,false,false
NAS100,10:05,15,F3,hi_dn,109,0.012,0.687,0.523,58,0.038,1.435,0.586,true,false,false,true,false,false
NAS100,10:05,30,F3,hi_dn,109,0.004,0.187,0.486,58,0.024,0.662,0.552,true,false,false,true,false,false
NAS100,10:05,60,F3,hi_dn,109,-0.006,-0.196,0.532,58,-0.009,-0.188,0.534,true,false,false,false,false,false
NAS100,09:45,15,F3,hi_up,100,-0.001,-0.067,0.5,53,0.039,1.232,0.528,true,false,false,false,false,false
NAS100,09:45,30,F3,hi_up,100,0.013,0.447,0.55,53,-0.04,-0.967,0.472,true,false,false,true,false,false
NAS100,09:45,60,F3,hi_up,100,0.049,1.309,0.56,53,-0.008,-0.154,0.566,true,false,false,true,false,false
NAS100,10:05,15,F3,hi_up,96,0.017,0.631,0.531,46,-0.003,-0.127,0.522,true,false,false,true,false,false
NAS100,10:05,30,F3,hi_up,96,0.024,0.862,0.552,46,0.062,1.662,0.739,true,false,true,true,false,false
NAS100,10:05,60,F3,hi_up,96,0.055,1.407,0.583,46,0.019,0.326,0.587,true,false,false,true,true,false
NAS100,09:45,15,F3,lo_dn,78,0.007,0.438,0.551,27,-0.015,-0.385,0.556,false,false,false,false,false,false
NAS100,09:45,30,F3,lo_dn,78,-0.017,-0.76,0.474,27,0.033,0.729,0.63,false,false,false,false,false,false
NAS100,09:45,60,F3,lo_dn,78,-0.05,-1.341,0.474,27,0.103,1.946,0.704,false,false,false,false,false,false
NAS100,10:05,15,F3,lo_dn,80,-0.01,-0.705,0.475,35,0.003,0.124,0.429,false,false,false,true,false,false
NAS100,10:05,30,F3,lo_dn,80,-0.025,-1.062,0.438,35,0.041,1.143,0.571,false,false,false,true,false,false
NAS100,10:05,60,F3,lo_dn,80,-0.032,-1.112,0.488,35,0.062,1.384,0.6,false,false,false,true,false,false
NAS100,09:45,15,F3,lo_up,127,0.006,0.396,0.543,53,0.029,1.155,0.585,true,false,false,false,false,false
NAS100,09:45,30,F3,lo_up,127,0.005,0.206,0.543,53,-0.006,-0.198,0.509,true,false,false,true,false,false
NAS100,09:45,60,F3,lo_up,127,0.02,0.744,0.551,53,0.008,0.183,0.491,true,false,false,false,false,false
NAS100,10:05,15,F3,lo_up,125,0.015,1.234,0.576,42,-0.007,-0.238,0.452,true,false,false,false,false,false
NAS100,10:05,30,F3,lo_up,125,0.008,0.46,0.56,42,0.003,0.085,0.619,true,false,false,true,false,false
NAS100,10:05,60,F3,lo_up,125,0.001,0.041,0.568,42,0.056,1.172,0.548,true,false,false,false,false,false
NAS100,09:45,15,F3,mid_dn,105,0.017,1.138,0.552,58,-0.035,-1.143,0.466,true,false,false,false,false,false
NAS100,09:45,30,F3,mid_dn,105,0.04,1.559,0.619,58,-0.074,-1.827,0.345,true,false,false,false,false,false
NAS100,09:45,60,F3,mid_dn,105,0.014,0.42,0.552,58,-0.074,-1.827,0.345,true,false,false,false,false,false
NAS100,10:05,15,F3,mid_dn,98,-0.003,-0.13,0.561,61,-0.015,-0.673,0.459,true,false,false,true,false,false
NAS100,10:05,30,F3,mid_dn,98,0.004,0.141,0.51,61,-0.061,-1.974,0.377,true,false,false,false,false,false
NAS100,10:05,60,F3,mid_dn,98,-0.018,-0.514,0.551,61,-0.063,-1.507,0.443,true,false,true,true,false,false
NAS100,09:45,15,F3,mid_up,100,0.021,1.294,0.56,57,0.025,1.054,0.579,true,false,false,true,false,false
NAS100,09:45,30,F3,mid_up,100,0.024,0.986,0.54,57,0.036,1.158,0.614,true,false,false,true,false,false
NAS100,09:45,60,F3,mid_up,100,0.035,0.997,0.59,57,0.031,0.71,0.614,true,false,false,true,false,false
NAS100,10:05,15,F3,mid_up,107,0.014,1.024,0.607,65,-0.003,-0.154,0.462,true,false,false,false,false,false
NAS100,10:05,30,F3,mid_up,107,0.029,1.335,0.598,65,0.006,0.271,0.523,true,false,false,false,false,false
NAS100,10:05,60,F3,mid_up,107,0.028,1.018,0.598,65,-0.032,-0.802,0.508,true,false,false,false,false,false
NAS100,09:45,15,F4,all_above,209,0.006,0.565,0.531,97,0.039,2.0,0.608,true,false,true,true,false,false
NAS100,09:45,30,F4,all_above,209,0.008,0.464,0.541,97,0.028,1.022,0.588,true,false,false,true,false,false
NAS100,09:45,60,F4,all_above,209,0.025,1.038,0.593,97,0.071,2.098,0.649,true,false,true,true,false,false
NAS100,10:05,15,F4,all_above,256,0.019,1.638,0.559,131,-0.0,-0.035,0.504,true,false,false,true,false,false
NAS100,10:05,30,F4,all_above,256,0.035,2.572,0.59,131,0.019,1.017,0.641,true,true,false,false,false,false
NAS100,10:05,60,F4,all_above,256,0.041,2.106,0.598,131,-0.002,-0.071,0.534,true,true,false,true,false,false
NAS100,09:45,15,F4,all_below,164,0.017,0.993,0.53,96,0.001,0.024,0.552,true,false,false,false,false,false
NAS100,09:45,30,F4,all_below,164,0.039,1.382,0.573,96,-0.008,-0.245,0.479,true,false,false,false,false,false
NAS100,09:45,60,F4,all_below,164,0.013,0.434,0.506,96,-0.023,-0.508,0.479,true,false,false,false,false,false
NAS100,10:05,15,F4,all_below,222,-0.0,-0.03,0.541,118,-0.008,-0.459,0.483,true,false,false,false,false,false
NAS100,10:05,30,F4,all_below,222,-0.01,-0.58,0.5,118,-0.023,-0.964,0.492,true,false,false,true,false,false
NAS100,10:05,60,F4,all_below,222,-0.019,-0.842,0.545,118,-0.009,-0.301,0.508,true,false,false,false,false,false
NAS100,09:45,15,F4,mixed,242,-0.005,-0.458,0.496,114,0.0,0.02,0.491,true,false,false,false,false,false
NAS100,09:45,30,F4,mixed,242,-0.014,-0.818,0.492,114,-0.011,-0.475,0.5,true,false,false,false,false,false
NAS100,09:45,60,F4,mixed,242,-0.002,-0.087,0.517,114,-0.022,-0.698,0.5,true,false,false,false,false,false
NAS100,10:05,15,F4,mixed,137,0.004,0.248,0.547,58,0.032,1.457,0.466,true,false,false,true,false,false
NAS100,10:05,30,F4,mixed,137,-0.01,-0.472,0.46,58,0.045,1.384,0.466,true,false,false,false,false,false
NAS100,10:05,60,F4,mixed,137,-0.02,-0.826,0.496,58,0.005,0.096,0.552,true,false,false,false,false,false
NAS100,09:45,15,F5,bear_at_high,28,-0.005,-0.131,0.429,13,0.07,1.644,0.769,false,false,false,false,false,false
NAS100,09:45,30,F5,bear_at_high,28,-0.058,-1.075,0.357,13,-0.01,-0.124,0.615,false,false,false,false,true,false
NAS100,09:45,60,F5,bear_at_high,28,-0.037,-0.592,0.464,13,-0.016,-0.188,0.538,false,false,false,false,false,false
NAS100,10:05,15,F5,bear_at_high,37,-0.018,-0.69,0.622,16,0.047,1.197,0.562,false,false,false,false,false,false
NAS100,10:05,30,F5,bear_at_high,37,0.023,0.534,0.595,16,0.076,1.474,0.688,false,false,false,true,false,false
NAS100,10:05,60,F5,bear_at_high,37,0.024,0.47,0.568,16,0.071,1.155,0.688,false,false,false,true,false,false
NAS100,09:45,15,F5,bull_at_low,51,-0.01,-0.556,0.451,13,-0.024,-0.412,0.462,false,false,false,false,false,false
NAS100,09:45,30,F5,bull_at_low,51,-0.036,-1.165,0.471,13,0.007,0.107,0.538,false,false,false,false,false,false
NAS100,09:45,60,F5,bull_at_low,51,-0.064,-1.37,0.431,13,-0.018,-0.203,0.615,false,false,false,false,true,false
NAS100,10:05,15,F5,bull_at_low,60,-0.001,-0.037,0.517,29,0.016,0.5,0.655,false,false,false,false,false,false
NAS100,10:05,30,F5,bull_at_low,60,0.015,0.473,0.433,29,0.058,1.523,0.724,false,false,true,false,false,false
NAS100,10:05,60,F5,bull_at_low,60,0.007,0.147,0.583,29,0.022,0.374,0.621,false,false,false,true,false,false
NAS100,09:45,15,F5,none,535,0.006,0.79,0.527,281,0.012,0.908,0.541,true,false,false,false,false,false
NAS100,09:45,30,F5,none,535,0.015,1.201,0.546,281,0.002,0.141,0.516,true,false,false,false,false,false
NAS100,09:45,60,F5,none,535,0.021,1.385,0.555,281,0.009,0.422,0.537,true,false,false,false,false,false
NAS100,10:05,15,F5,none,512,0.011,1.368,0.549,261,-0.002,-0.149,0.464,true,false,false,false,false,false
NAS100,10:05,30,F5,none,512,0.006,0.599,0.535,261,-0.002,-0.15,0.521,true,false,false,false,false,false
NAS100,10:05,60,F5,none,512,0.003,0.25,0.553,261,-0.012,-0.546,0.506,true,false,false,false,false,false
NAS100,09:45,15,F6,OA,97,-0.028,-1.337,0.474,59,0.013,0.527,0.508,true,false,false,false,false,false
NAS100,09:45,30,F6,OA,97,-0.024,-0.815,0.474,59,-0.003,-0.109,0.559,true,false,false,false,false,false
NAS100,09:45,60,F6,OA,97,-0.012,-0.29,0.536,59,-0.008,-0.181,0.508,true,false,false,false,false,false
NAS100,10:05,15,F6,OA,108,0.035,2.429,0.62,55,0.013,0.562,0.491,true,true,false,true,false,false
NAS100,10:05,30,F6,OA,108,0.034,1.52,0.556,55,0.04,1.148,0.582,true,false,false,false,false,false
NAS100,10:05,60,F6,OA,108,0.012,0.429,0.565,55,0.028,0.508,0.6,true,false,false,true,false,false
NAS100,09:45,15,F6,OD_dn,62,-0.027,-1.239,0.468,40,-0.011,-0.302,0.5,true,false,false,false,false,false
NAS100,09:45,30,F6,OD_dn,62,-0.025,-0.721,0.581,40,0.004,0.085,0.525,true,false,false,false,false,false
NAS100,09:45,60,F6,OD_dn,62,-0.027,-0.617,0.516,40,-0.008,-0.129,0.5,true,false,false,false,false,false
NAS100,10:05,15,F6,OD_dn,46,-0.002,-0.075,0.5,33,0.004,0.103,0.545,false,false,false,false,false,false
NAS100,10:05,30,F6,OD_dn,46,-0.032,-0.9,0.413,33,0.003,0.074,0.545,false,false,false,false,false,false
NAS100,10:05,60,F6,OD_dn,46,-0.05,-1.073,0.522,33,0.013,0.321,0.485,false,false,false,false,true,false
NAS100,09:45,15,F6,OD_up,81,0.005,0.245,0.457,33,0.097,3.66,0.818,false,false,true,true,false,false
NAS100,09:45,30,F6,OD_up,81,0.007,0.242,0.543,33,0.09,2.437,0.727,false,false,true,true,false,false
NAS100,09:45,60,F6,OD_up,81,0.007,0.195,0.543,33,0.092,1.945,0.667,false,false,true,true,false,false
NAS100,10:05,15,F6,OD_up,66,0.007,0.373,0.576,33,-0.021,-1.067,0.303,false,false,false,false,false,false
NAS100,10:05,30,F6,OD_up,66,0.031,1.303,0.606,33,-0.016,-0.441,0.545,false,false,false,false,false,false
NAS100,10:05,60,F6,OD_up,66,0.043,1.337,0.621,33,-0.03,-0.714,0.485,false,false,false,false,false,false
NAS100,09:45,15,F6,ORR_dn,22,0.106,1.986,0.636,10,0.045,0.497,0.5,false,false,false,false,true,false
NAS100,09:45,30,F6,ORR_dn,22,0.157,2.77,0.773,10,0.113,0.937,0.6,false,true,false,true,true,false
NAS100,09:45,60,F6,ORR_dn,22,0.167,2.132,0.636,10,0.182,1.404,0.7,false,true,false,false,true,false
NAS100,10:05,15,F6,ORR_dn,24,-0.004,-0.127,0.458,10,-0.008,-0.181,0.4,false,false,false,true,false,false
NAS100,10:05,30,F6,ORR_dn,24,0.024,0.445,0.5,10,0.001,0.021,0.5,false,false,false,false,false,false
NAS100,10:05,60,F6,ORR_dn,24,-0.005,-0.087,0.542,10,-0.021,-0.341,0.5,false,false,false,false,false,false
NAS100,09:45,15,F6,ORR_up,31,0.02,0.654,0.613,26,0.008,0.176,0.5,false,false,false,false,false,false
NAS100,09:45,30,F6,ORR_up,31,0.028,0.527,0.484,26,-0.129,-1.956,0.385,false,false,false,false,false,false
NAS100,09:45,60,F6,ORR_up,31,0.091,1.909,0.677,26,-0.147,-1.914,0.385,false,false,false,false,true,false
NAS100,10:05,15,F6,ORR_up,24,0.003,0.098,0.458,14,-0.052,-0.926,0.429,false,false,false,true,false,false
NAS100,10:05,30,F6,ORR_up,24,0.041,0.997,0.625,14,-0.02,-0.341,0.429,false,false,false,true,false,false
NAS100,10:05,60,F6,ORR_up,24,0.023,0.359,0.5,14,-0.12,-1.359,0.286,false,false,false,false,false,false
NAS100,09:45,15,F6,OTD_dn,18,0.066,2.236,0.556,14,0.123,2.342,0.857,false,true,true,false,true,false
NAS100,09:45,30,F6,OTD_dn,18,0.08,1.538,0.778,14,0.066,0.767,0.643,false,false,false,true,true,false
NAS100,09:45,60,F6,OTD_dn,18,0.13,2.172,0.722,14,0.079,0.523,0.571,false,true,false,false,true,false
NAS100,10:05,15,F6,OTD_dn,24,0.034,1.098,0.667,16,-0.024,-0.661,0.312,false,false,false,false,false,false
NAS100,10:05,30,F6,OTD_dn,24,0.071,1.8,0.667,16,-0.067,-1.423,0.25,false,false,false,false,true,false
NAS100,10:05,60,F6,OTD_dn,24,0.115,2.019,0.667,16,-0.081,-0.932,0.312,false,true,false,false,true,false
NAS100,09:45,15,F6,OTD_up,20,-0.029,-0.835,0.5,9,0.005,0.073,0.444,false,false,false,false,false,false
NAS100,09:45,30,F6,OTD_up,20,0.011,0.257,0.5,9,0.053,0.438,0.556,false,false,false,true,false,false
NAS100,09:45,60,F6,OTD_up,20,-0.0,-0.005,0.4,9,0.328,2.554,0.889,false,false,false,false,false,false
NAS100,10:05,15,F6,OTD_up,31,0.022,0.976,0.613,12,0.107,1.79,0.75,false,false,true,true,false,false
NAS100,10:05,30,F6,OTD_up,31,0.019,0.424,0.613,12,0.099,1.091,0.833,false,false,false,true,false,false
NAS100,10:05,60,F6,OTD_up,31,0.025,0.423,0.613,12,0.142,1.055,0.833,false,false,false,true,false,false
NAS100,09:45,15,F6,unclassified,284,0.012,1.116,0.539,116,-0.018,-0.864,0.491,true,false,false,false,false,false
NAS100,09:45,30,F6,unclassified,284,0.007,0.381,0.507,116,-0.013,-0.521,0.448,true,false,false,true,false,false
NAS100,09:45,60,F6,unclassified,284,0.001,0.063,0.521,116,-0.018,-0.567,0.526,true,false,false,false,false,false
NAS100,10:05,15,F6,unclassified,292,-0.002,-0.131,0.524,134,0.004,0.284,0.53,true,false,false,false,false,false
NAS100,10:05,30,F6,unclassified,292,-0.009,-0.641,0.493,134,0.006,0.286,0.567,true,false,false,false,false,false
NAS100,10:05,60,F6,unclassified,292,-0.008,-0.414,0.534,134,-0.005,-0.16,0.545,true,false,false,false,false,false
US500,09:45,15,F1,above_VAH,248,0.01,1.085,0.577,135,0.005,0.384,0.526,true,false,false,false,false,false
US500,09:45,30,F1,above_VAH,248,-0.003,-0.214,0.528,135,-0.021,-0.898,0.459,true,false,false,true,false,false
US500,09:45,60,F1,above_VAH,248,0.003,0.176,0.528,135,-0.019,-0.586,0.533,true,false,false,false,false,false
US500,10:05,15,F1,above_VAH,248,0.001,0.102,0.544,134,-0.008,-0.578,0.552,true,false,false,false,false,false
US500,10:05,30,F1,above_VAH,248,0.0,0.034,0.524,134,-0.008,-0.415,0.5,true,false,false,false,false,false
US500,10:05,60,F1,above_VAH,248,-0.026,-1.423,0.452,134,-0.019,-0.612,0.507,true,false,false,false,false,false
US500,09:45,15,F1,below_VAL,162,0.002,0.129,0.475,71,0.047,1.712,0.62,true,false,true,true,false,false
US500,09:45,30,F1,below_VAL,162,-0.01,-0.35,0.512,71,0.081,2.344,0.62,true,false,false,false,false,false
US500,09:45,60,F1,below_VAL,162,0.017,0.563,0.556,71,0.094,2.114,0.521,true,false,true,true,false,false
US500,10:05,15,F1,below_VAL,162,-0.006,-0.332,0.469,71,0.038,1.91,0.563,true,false,false,false,false,false
US500,10:05,30,F1,below_VAL,162,-0.003,-0.137,0.506,71,0.047,1.661,0.563,true,false,false,false,false,false
US500,10:05,60,F1,below_VAL,162,0.031,1.121,0.562,71,0.01,0.292,0.549,true,false,false,true,false,false
US500,09:45,15,F1,inside,202,0.01,0.827,0.584,104,-0.003,-0.153,0.548,true,false,false,false,false,false
US500,09:45,30,F1,inside,202,0.026,1.452,0.55,104,-0.003,-0.101,0.548,true,false,false,false,false,false
US500,09:45,60,F1,inside,202,0.012,0.511,0.525,104,-0.009,-0.287,0.529,true,false,false,false,false,false
US500,10:05,15,F1,inside,202,0.02,1.985,0.579,104,0.003,0.176,0.462,true,false,false,false,false,false
US500,10:05,30,F1,inside,202,0.019,1.26,0.545,104,-0.003,-0.177,0.51,true,false,false,false,false,false
US500,10:05,60,F1,inside,202,0.015,0.747,0.535,104,-0.004,-0.131,0.519,true,false,false,false,false,false
US500,09:45,15,F2,-0.25..0.25,104,0.029,1.702,0.596,50,-0.026,-0.902,0.5,true,false,false,false,false,false
US500,09:45,30,F2,-0.25..0.25,104,0.049,1.977,0.567,50,-0.01,-0.262,0.62,true,false,false,false,false,false
US500,09:45,60,F2,-0.25..0.25,104,0.036,1.067,0.519,50,-0.001,-0.022,0.6,true,false,false,false,false,false
US500,10:05,15,F2,-0.25..0.25,104,0.033,2.21,0.644,50,0.021,0.962,0.5,true,true,false,false,false,false
US500,10:05,30,F2,-0.25..0.25,104,0.036,1.699,0.548,50,0.014,0.491,0.58,true,false,false,false,false,false
US500,10:05,60,F2,-0.25..0.25,104,0.007,0.231,0.519,50,0.017,0.403,0.58,true,false,false,true,false,false
US500,09:45,15,F2,-1..-0.25,95,-0.001,-0.088,0.568,50,0.054,1.918,0.66,true,false,false,false,false,false
US500,09:45,30,F2,-1..-0.25,95,0.001,0.051,0.589,50,0.056,1.582,0.62,true,false,true,true,false,false
US500,09:45,60,F2,-1..-0.25,95,-0.012,-0.369,0.537,50,0.008,0.177,0.48,true,false,false,false,false,false
US500,10:05,15,F2,-1..-0.25,95,0.004,0.228,0.526,50,-0.002,-0.084,0.46,true,false,false,false,false,false
US500,10:05,30,F2,-1..-0.25,95,-0.004,-0.188,0.537,50,-0.051,-1.817,0.4,true,false,true,true,false,false
US500,10:05,60,F2,-1..-0.25,95,0.015,0.522,0.568,50,-0.057,-1.576,0.48,true,false,false,false,false,false
US500,09:45,15,F2,0.25..1,134,0.012,0.811,0.59,84,-0.008,-0.421,0.512,true,false,false,false,false,false
US500,09:45,30,F2,0.25..1,134,0.008,0.402,0.537,84,-0.029,-1.066,0.44,true,false,false,false,false,false
US500,09:45,60,F2,0.25..1,134,-0.009,-0.349,0.515,84,-0.029,-0.772,0.524,true,false,false,true,false,false
US500,10:05,15,F2,0.25..1,134,-0.011,-0.928,0.5,83,-0.002,-0.087,0.53,true,false,false,false,false,false
US500,10:05,30,F2,0.25..1,134,-0.017,-0.992,0.478,83,0.011,0.462,0.518,true,false,false,false,false,false
US500,10:05,60,F2,0.25..1,134,-0.029,-1.11,0.44,83,-0.006,-0.167,0.506,true,false,false,false,false,false
US500,09:45,15,F2,<-1,114,0.002,0.102,0.456,49,0.058,1.591,0.612,true,false,true,true,false,false
US500,09:45,30,F2,<-1,114,-0.016,-0.412,0.465,49,0.09,1.977,0.612,true,false,false,false,false,false
US500,09:45,60,F2,<-1,114,0.02,0.503,0.553,49,0.124,2.207,0.551,true,false,true,true,false,false
US500,10:05,15,F2,<-1,114,-0.005,-0.198,0.456,49,0.034,1.467,0.551,true,false,false,false,false,false
US500,10:05,30,F2,<-1,114,-0.002,-0.071,0.491,49,0.064,1.77,0.592,true,false,false,false,false,false
US500,10:05,60,F2,<-1,114,0.037,1.043,0.561,49,0.02,0.481,0.531,true,false,false,true,false,false
US500,09:45,15,F2,>1,165,0.001,0.125,0.552,77,0.001,0.072,0.532,true,false,false,true,false,false
US500,09:45,30,F2,>1,165,-0.011,-0.59,0.515,77,-0.021,-0.652,0.442,true,false,false,false,false,false
US500,09:45,60,F2,>1,165,0.016,0.647,0.545,77,-0.01,-0.237,0.506,true,false,false,false,false,false
US500,10:05,15,F2,>1,165,0.009,0.744,0.558,77,-0.007,-0.413,0.558,true,false,false,false,false,false
US500,10:05,30,F2,>1,165,0.016,0.978,0.57,77,-0.004,-0.171,0.506,true,false,false,false,false,false
US500,10:05,60,F2,>1,165,-0.005,-0.245,0.485,77,-0.009,-0.222,0.519,true,false,false,false,false,false
US500,09:45,15,F3,hi_dn,112,0.027,1.185,0.527,50,0.028,0.743,0.56,true,false,false,true,false,false
US500,09:45,30,F3,hi_dn,112,0.026,0.631,0.545,50,0.051,1.003,0.56,true,false,false,true,false,false
US500,09:45,60,F3,hi_dn,112,0.025,0.647,0.491,50,0.005,0.08,0.56,true,false,false,true,false,false
US500,10:05,15,F3,hi_dn,114,-0.024,-1.24,0.43,50,0.044,1.344,0.64,true,false,false,false,false,false
US500,10:05,30,F3,hi_dn,114,-0.015,-0.578,0.439,50,0.011,0.256,0.58,true,false,false,false,false,false
US500,10:05,60,F3,hi_dn,114,-0.009,-0.273,0.465,50,-0.023,-0.378,0.54,true,false,false,false,false,false
US500,09:45,15,F3,hi_up,92,-0.026,-1.31,0.489,49,0.014,0.478,0.551,true,false,false,false,false,false
US500,09:45,30,F3,hi_up,92,-0.027,-0.844,0.457,49,0.004,0.098,0.531,true,false,false,false,false,false
US500,09:45,60,F3,hi_up,92,-0.006,-0.132,0.565,49,0.071,1.277,0.694,true,false,false,false,false,false
US500,10:05,15,F3,hi_up,90,-0.005,-0.156,0.456,48,0.01,0.411,0.562,true,false,false,false,false,false
US500,10:05,30,F3,hi_up,90,-0.014,-0.461,0.489,48,0.061,1.733,0.646,true,false,false,false,false,false
US500,10:05,60,F3,hi_up,90,0.008,0.179,0.567,48,0.048,1.018,0.583,true,false,false,true,false,false
US500,09:45,15,F3,lo_dn,82,0.022,1.573,0.622,47,0.012,0.478,0.532,true,false,false,false,false,false
US500,09:45,30,F3,lo_dn,82,0.031,1.37,0.561,47,0.01,0.275,0.468,true,false,false,false,false,false
US500,09:45,60,F3,lo_dn,82,0.012,0.396,0.524,47,0.026,0.59,0.489,true,false,false,true,false,false
US500,10:05,15,F3,lo_dn,76,-0.005,-0.414,0.487,36,-0.021,-1.306,0.444,false,false,false,true,false,false
US500,10:05,30,F3,lo_dn,76,-0.017,-0.87,0.421,36,-0.028,-1.168,0.444,false,false,false,true,false,false
US500,10:05,60,F3,lo_dn,76,-0.049,-1.883,0.368,36,-0.058,-1.534,0.389,false,false,true,true,false,false
US500,09:45,15,F3,lo_up,122,0.016,1.591,0.631,57,0.013,0.633,0.614,true,false,false,true,false,false
US500,09:45,30,F3,lo_up,122,0.012,0.686,0.557,57,0.007,0.28,0.579,true,false,false,false,false,false
US500,09:45,60,F3,lo_up,122,0.009,0.393,0.557,57,-0.002,-0.065,0.491,true,false,false,false,false,false
US500,10:05,15,F3,lo_up,128,0.009,0.876,0.555,64,-0.002,-0.113,0.469,true,false,false,false,false,false
US500,10:05,30,F3,lo_up,128,0.017,1.133,0.578,64,-0.018,-0.928,0.406,true,false,false,false,false,false
US500,10:05,60,F3,lo_up,128,0.008,0.429,0.508,64,-0.003,-0.103,0.547,true,false,false,true,false,false
US500,09:45,15,F3,mid_dn,108,0.009,0.61,0.519,55,-0.024,-0.889,0.418,true,false,false,false,false,false
US500,09:45,30,F3,mid_dn,108,0.009,0.367,0.593,55,-0.035,-0.998,0.436,true,false,false,false,false,false
US500,09:45,60,F3,mid_dn,108,0.02,0.611,0.556,55,-0.034,-0.625,0.473,true,false,false,false,false,false
US500,10:05,15,F3,mid_dn,91,0.033,1.975,0.637,55,0.013,0.757,0.527,true,false,false,false,false,false
US500,10:05,30,F3,mid_dn,91,0.028,1.124,0.571,55,0.004,0.127,0.582,true,false,false,false,false,false
US500,10:05,60,F3,mid_dn,91,0.023,0.688,0.56,55,0.033,0.965,0.545,true,false,false,false,false,false
US500,09:45,15,F3,mid_up,96,-0.005,-0.324,0.521,52,0.031,1.459,0.654,true,false,false,false,false,false
US500,09:45,30,F3,mid_up,96,-0.027,-1.129,0.458,52,0.02,0.535,0.577,true,false,false,false,false,false
US500,09:45,60,F3,mid_up,96,-0.005,-0.182,0.51,52,0.005,0.111,0.481,true,false,false,false,false,false
US500,10:05,15,F3,mid_up,113,0.023,1.667,0.637,56,-0.011,-0.495,0.5,true,false,false,false,false,false
US500,10:05,30,F3,mid_up,113,0.027,1.416,0.619,56,0.006,0.221,0.464,true,false,false,false,false,false
US500,10:05,60,F3,mid_up,113,0.022,0.878,0.558,56,-0.053,-1.015,0.482,true,false,false,false,false,false
US500,09:45,15,F4,all_above,212,0.0,0.023,0.571,95,0.0,0.009,0.568,true,false,false,true,false,false
US500,09:45,30,F4,all_above,212,0.0,0.013,0.509,95,-0.012,-0.417,0.474,true,false,false,true,false,false
US500,09:45,60,F4,all_above,212,0.011,0.465,0.561,95,0.019,0.533,0.526,true,false,false,true,false,false
US500,10:05,15,F4,all_above,261,0.007,0.585,0.54,133,0.006,0.477,0.526,true,false,false,false,false,false
US500,10:05,30,F4,all_above,261,0.013,1.033,0.571,133,0.004,0.269,0.496,true,false,false,true,false,false
US500,10:05,60,F4,all_above,261,0.012,0.678,0.563,133,-0.012,-0.471,0.534,true,false,false,false,false,false
US500,09:45,15,F4,all_below,175,0.022,1.467,0.537,97,0.009,0.453,0.536,true,false,false,false,false,false
US500,09:45,30,F4,all_below,175,0.023,0.867,0.56,97,0.017,0.594,0.515,true,false,false,false,false,false
US500,09:45,60,F4,all_below,175,0.016,0.563,0.503,97,-0.007,-0.167,0.474,true,false,false,false,false,false
US500,10:05,15,F4,all_below,203,0.002,0.16,0.522,113,-0.008,-0.482,0.487,true,false,false,false,false,false
US500,10:05,30,F4,all_below,203,-0.007,-0.407,0.498,113,-0.026,-1.135,0.513,true,false,false,false,false,false
US500,10:05,60,F4,all_below,203,-0.01,-0.423,0.468,113,-0.029,-0.939,0.46,true,false,false,true,false,false
US500,09:45,15,F4,mixed,225,0.004,0.44,0.547,118,0.024,1.255,0.559,true,false,false,false,false,false
US500,09:45,30,F4,mixed,225,-0.006,-0.377,0.529,118,0.019,0.816,0.576,true,false,false,false,false,false
US500,09:45,60,F4,mixed,225,0.005,0.223,0.533,118,0.018,0.563,0.576,true,false,false,false,false,false
US500,10:05,15,F4,mixed,148,0.006,0.504,0.547,63,0.034,1.56,0.587,true,false,false,false,false,false
US500,10:05,30,F4,mixed,148,0.01,0.533,0.486,63,0.066,2.272,0.571,true,false,false,false,false,false
US500,10:05,60,F4,mixed,148,0.002,0.086,0.466,63,0.041,0.89,0.603,true,false,false,true,false,false
US500,09:45,15,F5,bear_at_high,24,-0.054,-1.498,0.333,16,0.154,2.752,0.812,false,false,false,false,true,false
US500,09:45,30,F5,bear_at_high,24,-0.206,-3.291,0.25,16,0.112,1.35,0.625,false,true,false,false,true,false
US500,09:45,60,F5,bear_at_high,24,-0.127,-1.527,0.292,16,0.119,1.29,0.562,false,false,false,false,true,false
US500,10:05,15,F5,bear_at_high,37,-0.005,-0.177,0.541,24,-0.016,-0.386,0.375,false,false,false,false,false,false
US500,10:05,30,F5,bear_at_high,37,0.041,0.913,0.514,24,-0.037,-0.695,0.5,false,false,false,true,false,false
US500,10:05,60,F5,bear_at_high,37,-0.011,-0.205,0.378,24,-0.064,-0.779,0.458,false,false,false,false,false,false
US500,09:45,15,F5,bull_at_low,36,0.015,0.567,0.5,18,0.005,0.102,0.556,false,false,false,false,false,false
US500,09:45,30,F5,bull_at_low,36,0.037,1.074,0.556,18,0.023,0.365,0.556,false,false,false,true,false,false
US500,09:45,60,F5,bull_at_low,36,0.04,0.852,0.556,18,0.082,1.117,0.611,false,false,false,false,false,false
US500,10:05,15,F5,bull_at_low,70,-0.011,-0.705,0.457,22,0.011,0.423,0.545,false,false,false,false,false,false
US500,10:05,30,F5,bull_at_low,70,-0.009,-0.363,0.471,22,0.031,0.924,0.5,false,false,false,false,false,false
US500,10:05,60,F5,bull_at_low,70,-0.028,-0.787,0.514,22,0.03,0.491,0.591,false,false,false,false,false,false
US500,09:45,15,F5,none,552,0.01,1.445,0.565,276,0.004,0.363,0.54,true,false,false,false,false,false
US500,09:45,30,F5,none,552,0.011,0.953,0.542,276,0.002,0.115,0.518,true,false,false,false,false,false
US500,09:45,60,F5,none,552,0.014,0.966,0.543,276,-0.0,-0.021,0.522,true,false,false,false,false,false
US500,10:05,15,F5,none,501,0.008,0.951,0.545,263,0.008,0.828,0.536,true,false,false,false,false,false
US500,10:05,30,F5,none,501,0.005,0.522,0.535,263,0.008,0.579,0.521,true,false,false,false,false,false
US500,10:05,60,F5,none,501,0.008,0.542,0.517,263,-0.005,-0.276,0.521,true,false,false,false,false,false
US500,09:45,15,F6,OA,64,0.008,0.354,0.641,31,0.004,0.122,0.581,false,false,false,false,false,false
US500,09:45,30,F6,OA,64,0.01,0.3,0.609,31,-0.014,-0.336,0.548,false,false,false,false,false,false
US500,09:45,60,F6,OA,64,0.035,0.657,0.594,31,0.047,0.78,0.613,false,false,false,false,false,false
US500,10:05,15,F6,OA,93,0.007,0.406,0.538,52,0.002,0.117,0.462,true,false,false,false,false,false
US500,10:05,30,F6,OA,93,0.012,0.516,0.452,52,0.009,0.328,0.462,true,false,false,true,false,false
US500,10:05,60,F6,OA,93,-0.002,-0.066,0.484,52,0.031,0.797,0.519,true,false,false,false,false,false
US500,09:45,15,F6,OD_dn,65,0.007,0.257,0.477,32,0.059,1.773,0.625,false,false,true,true,false,false
US500,09:45,30,F6,OD_dn,65,0.093,1.582,0.631,32,0.091,1.958,0.531,false,false,true,true,true,false
US500,09:45,60,F6,OD_dn,65,0.051,0.95,0.554,32,0.086,1.55,0.656,false,false,true,true,true,false
US500,10:05,15,F6,OD_dn,62,0.03,1.307,0.645,25,0.05,1.442,0.64,false,false,false,false,false,false
US500,10:05,30,F6,OD_dn,62,0.001,0.02,0.532,25,0.019,0.406,0.64,false,false,false,true,false,false
US500,10:05,60,F6,OD_dn,62,0.005,0.108,0.5,25,0.035,0.731,0.56,false,false,false,false,false,false
US500,09:45,15,F6,OD_up,67,-0.007,-0.361,0.522,27,0.001,0.028,0.519,false,false,false,false,false,false
US500,09:45,30,F6,OD_up,67,0.015,0.467,0.522,27,0.008,0.168,0.556,false,false,false,true,false,false
US500,09:45,60,F6,OD_up,67,0.006,0.15,0.507,27,0.024,0.427,0.593,false,false,false,true,false,false
US500,10:05,15,F6,OD_up,56,0.003,0.141,0.464,28,0.006,0.251,0.5,false,false,false,false,false,false
US500,10:05,30,F6,OD_up,56,0.006,0.219,0.554,28,-0.007,-0.196,0.5,false,false,false,false,false,false
US500,10:05,60,F6,OD_up,56,-0.044,-1.291,0.482,28,0.024,0.495,0.643,false,false,false,false,false,false
US500,09:45,15,F6,ORR_dn,26,0.04,1.296,0.692,12,0.039,0.585,0.5,false,false,false,false,false,false
US500,09:45,30,F6,ORR_dn,26,0.017,0.422,0.577,12,-0.085,-0.854,0.5,false,false,false,false,false,false
US500,09:45,60,F6,ORR_dn,26,-0.027,-0.46,0.462,12,-0.026,-0.172,0.417,false,false,false,false,false,false
US500,10:05,15,F6,ORR_dn,26,0.047,1.358,0.615,12,-0.108,-1.932,0.417,false,false,false,false,false,false
US500,10:05,30,F6,ORR_dn,26,0.065,1.482,0.577,12,-0.105,-1.078,0.5,false,false,false,false,true,false
US500,10:05,60,F6,ORR_dn,26,0.074,1.328,0.577,12,-0.13,-0.764,0.583,false,false,false,false,true,false
US500,09:45,15,F6,ORR_up,21,-0.051,-1.661,0.333,18,-0.021,-0.442,0.611,false,false,false,true,true,false
US500,09:45,30,F6,ORR_up,21,-0.09,-1.318,0.333,18,-0.083,-1.068,0.5,false,false,false,true,true,false
US500,09:45,60,F6,ORR_up,21,-0.045,-0.63,0.524,18,-0.142,-1.851,0.278,false,false,true,true,false,false
US500,10:05,15,F6,ORR_up,38,0.061,0.968,0.553,21,0.057,1.771,0.667,false,false,true,true,true,false
US500,10:05,30,F6,ORR_up,38,0.044,0.875,0.658,21,0.06,1.318,0.524,false,false,false,true,false,false
US500,10:05,60,F6,ORR_up,38,0.098,1.267,0.605,21,-0.032,-0.526,0.571,false,false,false,true,true,false
US500,09:45,15,F6,OTD_dn,21,0.055,2.23,0.762,16,-0.005,-0.086,0.625,false,true,false,true,true,false
US500,09:45,30,F6,OTD_dn,21,0.079,2.014,0.667,16,-0.064,-0.708,0.438,false,true,false,false,true,false
US500,09:45,60,F6,OTD_dn,21,0.098,2.575,0.762,16,-0.026,-0.191,0.438,false,true,false,false,true,false
US500,10:05,15,F6,OTD_dn,26,-0.028,-1.12,0.385,15,0.024,0.518,0.533,false,false,false,false,false,false
US500,10:05,30,F6,OTD_dn,26,0.008,0.195,0.577,15,-0.023,-0.451,0.467,false,false,false,false,false,false
US500,10:05,60,F6,OTD_dn,26,-0.043,-0.792,0.423,15,-0.03,-0.43,0.333,false,false,false,false,false,false
US500,09:45,15,F6,OTD_up,18,0.02,0.54,0.611,11,0.003,0.069,0.455,false,false,false,false,false,false
US500,09:45,30,F6,OTD_up,18,0.091,1.281,0.556,11,-0.01,-0.152,0.455,false,false,false,true,true,false
US500,09:45,60,F6,OTD_up,18,0.024,0.241,0.5,11,0.143,1.619,0.636,false,false,true,true,false,false
US500,10:05,15,F6,OTD_up,29,0.043,1.747,0.793,13,-0.009,-0.129,0.462,false,false,false,true,false,false
US500,10:05,30,F6,OTD_up,29,0.094,2.914,0.724,13,0.002,0.03,0.615,false,true,false,true,true,false
US500,10:05,60,F6,OTD_up,29,0.095,2.507,0.69,13,0.001,0.014,0.692,false,true,false,true,true,false
US500,09:45,15,F6,unclassified,330,0.009,1.048,0.542,163,0.01,0.631,0.54,true,false,false,true,false,false
US500,09:45,30,F6,unclassified,330,-0.021,-1.55,0.497,163,0.023,1.081,0.534,true,false,false,false,false,false
US500,09:45,60,F6,unclassified,330,-0.002,-0.134,0.518,163,0.001,0.02,0.515,true,false,false,false,false,false
US500,10:05,15,F6,unclassified,282,-0.012,-1.342,0.504,143,0.002,0.165,0.524,true,false,false,false,false,false
US500,10:05,30,F6,unclassified,282,-0.016,-1.209,0.496,143,0.01,0.527,0.517,true,false,false,false,false,false
US500,10:05,60,F6,unclassified,282,-0.012,-0.665,0.493,143,-0.019,-0.674,0.483,true,false,false,false,false,false
